date,category,region,sales,units_sold,avg_price,promotion,competitor_idx
2022-01-01,Electronics,North,6401.65,227,28.2,0,1.079
2022-01-01,Electronics,South,4870.73,110,44.28,0,1.114
2022-01-01,Electronics,East,6886.64,241,28.58,0,1.171
2022-01-01,Electronics,West,7871.15,198,39.75,0,0.891
2022-01-01,Electronics,Central,5465.28,323,16.92,0,1.053
2022-01-01,Clothing,North,3866.77,150,25.78,0,1.157
2022-01-01,Clothing,South,3420.01,164,20.85,0,0.818
2022-01-01,Clothing,East,4433.71,124,35.76,0,1.187
2022-01-01,Clothing,West,4721.25,180,26.23,0,0.876
2022-01-01,Clothing,Central,3303.29,112,29.49,0,1.068
2022-01-01,Home & Garden,North,3709.16,92,40.32,0,0.925
2022-01-01,Home & Garden,South,3025.33,77,39.29,0,0.915
2022-01-01,Home & Garden,East,4114.87,214,19.23,1,0.803
2022-01-01,Home & Garden,West,4496.35,128,35.13,0,1.112
2022-01-01,Home & Garden,Central,2898.19,90,32.2,1,0.846
2022-01-01,Sports,North,2576.03,88,29.27,0,1.106
2022-01-01,Sports,South,2496.12,78,32.0,0,0.922
2022-01-01,Sports,East,2942.82,104,28.3,0,0.963
2022-01-01,Sports,West,3121.69,141,22.14,1,0.913
2022-01-01,Sports,Central,2354.13,67,35.14,0,1.114
2022-01-01,Food & Beverage,North,4906.82,180,27.26,0,0.867
2022-01-01,Food & Beverage,South,4123.34,232,17.77,0,0.985
2022-01-01,Food & Beverage,East,5001.15,166,30.13,1,1.079
2022-01-01,Food & Beverage,West,6149.9,232,26.51,0,1.052
2022-01-01,Food & Beverage,Central,3523.86,199,17.71,1,1.185
2022-02-01,Electronics,North,7195.89,199,36.16,0,1.188
2022-02-01,Electronics,South,6142.89,168,36.56,0,0.909
2022-02-01,Electronics,East,7187.94,170,42.28,0,0.881
2022-02-01,Electronics,West,9016.08,278,32.43,1,1.143
2022-02-01,Electronics,Central,5980.04,163,36.69,0,1.051
2022-02-01,Clothing,North,4865.54,141,34.51,1,0.966
2022-02-01,Clothing,South,3998.14,134,29.84,0,0.858
2022-02-01,Clothing,East,5305.45,162,32.75,1,1.17
2022-02-01,Clothing,West,5319.53,209,25.45,0,0.809
2022-02-01,Clothing,Central,3335.88,113,29.52,0,0.833
2022-02-01,Home & Garden,North,4487.85,150,29.92,0,1.029
2022-02-01,Home & Garden,South,3014.87,131,23.01,0,1.008
2022-02-01,Home & Garden,East,4145.67,264,15.7,0,1.158
2022-02-01,Home & Garden,West,4867.22,153,31.81,1,1.069
2022-02-01,Home & Garden,Central,3334.27,90,37.05,0,0.843
2022-02-01,Sports,North,2955.46,134,22.06,1,1.022
2022-02-01,Sports,South,3166.91,79,40.09,0,0.927
2022-02-01,Sports,East,3588.43,151,23.76,0,0.902
2022-02-01,Sports,West,3652.66,183,19.96,1,0.974
2022-02-01,Sports,Central,2370.26,56,42.33,0,1.156
2022-02-01,Food & Beverage,North,5206.4,170,30.63,0,1.109
2022-02-01,Food & Beverage,South,4589.09,175,26.22,1,1.099
2022-02-01,Food & Beverage,East,5849.07,135,43.33,0,0.849
2022-02-01,Food & Beverage,West,7354.31,375,19.61,1,1.04
2022-02-01,Food & Beverage,Central,4116.69,169,24.36,0,1.189
2022-03-01,Electronics,North,7997.13,413,19.36,1,0.892
2022-03-01,Electronics,South,7245.65,205,35.34,1,1.003
2022-03-01,Electronics,East,8280.57,255,32.47,1,1.122
2022-03-01,Electronics,West,10641.13,286,37.21,1,0.85
2022-03-01,Electronics,Central,7032.53,261,26.94,0,0.995
2022-03-01,Clothing,North,5188.34,118,43.97,0,1.17
2022-03-01,Clothing,South,4429.48,139,31.87,0,0.842
2022-03-01,Clothing,East,5534.84,200,27.67,0,1.038
2022-03-01,Clothing,West,5876.71,150,39.18,0,1.114
2022-03-01,Clothing,Central,4343.89,237,18.33,0,1.119
2022-03-01,Home & Garden,North,3823.6,123,31.09,0,1.147
2022-03-01,Home & Garden,South,4676.83,170,27.51,0,0.97
2022-03-01,Home & Garden,East,4917.34,119,41.32,0,0.899
2022-03-01,Home & Garden,West,5118.08,136,37.63,0,0.842
2022-03-01,Home & Garden,Central,3511.31,106,33.13,1,1.13
2022-03-01,Sports,North,3258.22,168,19.39,0,0.866
2022-03-01,Sports,South,3067.06,156,19.66,1,0.808
2022-03-01,Sports,East,3778.21,186,20.31,1,1.036
2022-03-01,Sports,West,4685.14,174,26.93,0,1.002
2022-03-01,Sports,Central,2975.02,73,40.75,1,0.873
2022-03-01,Food & Beverage,North,7181.92,319,22.51,0,0.967
2022-03-01,Food & Beverage,South,5111.56,195,26.21,0,0.841
2022-03-01,Food & Beverage,East,7150.31,431,16.59,0,0.84
2022-03-01,Food & Beverage,West,7986.91,189,42.26,0,1.121
2022-03-01,Food & Beverage,Central,5194.15,151,34.4,0,0.854
2022-04-01,Electronics,North,8841.25,290,30.49,0,0.985
2022-04-01,Electronics,South,7965.71,233,34.19,0,0.856
2022-04-01,Electronics,East,8682.59,315,27.56,0,0.947
2022-04-01,Electronics,West,11930.26,480,24.85,0,1.074
2022-04-01,Electronics,Central,7470.9,171,43.69,0,0.992
2022-04-01,Clothing,North,6088.61,196,31.06,0,1.061
2022-04-01,Clothing,South,5355.92,172,31.14,0,0.915
2022-04-01,Clothing,East,6616.11,313,21.14,0,1.144
2022-04-01,Clothing,West,7065.9,211,33.49,1,1.09
2022-04-01,Clothing,Central,5025.83,116,43.33,1,1.184
2022-04-01,Home & Garden,North,4878.83,148,32.97,0,1.118
2022-04-01,Home & Garden,South,4232.94,187,22.64,0,0.838
2022-04-01,Home & Garden,East,5690.38,178,31.97,0,0.986
2022-04-01,Home & Garden,West,6462.95,170,38.02,0,0.997
2022-04-01,Home & Garden,Central,3681.64,85,43.31,1,0.847
2022-04-01,Sports,North,4344.31,125,34.75,0,1.11
2022-04-01,Sports,South,3745.61,149,25.14,0,1.105
2022-04-01,Sports,East,4413.21,170,25.96,0,0.863
2022-04-01,Sports,West,5053.97,117,43.2,0,0.953
2022-04-01,Sports,Central,3693.95,116,31.84,0,1.112
2022-04-01,Food & Beverage,North,7148.97,271,26.38,0,1.087
2022-04-01,Food & Beverage,South,6432.98,346,18.59,0,1.055
2022-04-01,Food & Beverage,East,6383.67,195,32.74,0,0.805
2022-04-01,Food & Beverage,West,9210.95,231,39.87,0,0.983
2022-04-01,Food & Beverage,Central,5418.56,225,24.08,0,1.113
2022-05-01,Electronics,North,8769.61,195,44.97,0,0.914
2022-05-01,Electronics,South,9040.5,496,18.23,0,1.066
2022-05-01,Electronics,East,10808.85,610,17.72,0,0.812
2022-05-01,Electronics,West,11565.0,599,19.31,0,0.879
2022-05-01,Electronics,Central,8044.24,231,34.82,1,0.802
2022-05-01,Clothing,North,6435.72,193,33.35,0,0.895
2022-05-01,Clothing,South,4580.04,273,16.78,0,1.171
2022-05-01,Clothing,East,6783.42,188,36.08,0,0.816
2022-05-01,Clothing,West,7193.64,383,18.78,0,1.098
2022-05-01,Clothing,Central,5203.49,128,40.65,1,1.094
2022-05-01,Home & Garden,North,5133.95,222,23.13,0,1.192
2022-05-01,Home & Garden,South,4450.16,267,16.67,0,0.817
2022-05-01,Home & Garden,East,5966.45,164,36.38,1,0.837
2022-05-01,Home & Garden,West,6587.11,148,44.51,0,1.114
2022-05-01,Home & Garden,Central,4591.5,142,32.33,1,1.178
2022-05-01,Sports,North,4155.61,128,32.47,0,1.06
2022-05-01,Sports,South,4130.97,212,19.49,0,0.962
2022-05-01,Sports,East,5323.19,286,18.61,1,0.911
2022-05-01,Sports,West,5723.17,205,27.92,0,1.054
2022-05-01,Sports,Central,3698.63,135,27.4,0,1.035
2022-05-01,Food & Beverage,North,6728.13,418,16.1,0,0.99
2022-05-01,Food & Beverage,South,7077.71,219,32.32,0,1.081
2022-05-01,Food & Beverage,East,7869.12,227,34.67,0,1.115
2022-05-01,Food & Beverage,West,9803.24,350,28.01,0,0.944
2022-05-01,Food & Beverage,Central,6301.06,169,37.28,0,1.168
2022-06-01,Electronics,North,9960.25,325,30.65,0,0.926
2022-06-01,Electronics,South,8463.53,283,29.91,1,0.829
2022-06-01,Electronics,East,11835.67,710,16.67,0,0.934
2022-06-01,Electronics,West,12229.91,500,24.46,0,0.806
2022-06-01,Electronics,Central,7315.47,179,40.87,0,0.861
2022-06-01,Clothing,North,5935.23,319,18.61,0,1.183
2022-06-01,Clothing,South,6578.04,172,38.24,0,1.075
2022-06-01,Clothing,East,6123.79,229,26.74,0,0.804
2022-06-01,Clothing,West,8244.97,268,30.76,1,0.866
2022-06-01,Clothing,Central,5646.38,126,44.81,0,1.136
2022-06-01,Home & Garden,North,6150.97,319,19.28,0,0.957
2022-06-01,Home & Garden,South,5578.13,148,37.69,0,0.988
2022-06-01,Home & Garden,East,6030.81,295,20.44,0,0.818
2022-06-01,Home & Garden,West,6260.6,263,23.8,0,1.035
2022-06-01,Home & Garden,Central,3979.92,227,17.53,0,1.137
2022-06-01,Sports,North,4450.85,129,34.5,0,1.105
2022-06-01,Sports,South,3993.56,153,26.1,0,0.935
2022-06-01,Sports,East,4942.21,167,29.59,0,1.141
2022-06-01,Sports,West,5435.41,128,42.46,0,1.14
2022-06-01,Sports,Central,3394.8,113,30.04,0,0.842
2022-06-01,Food & Beverage,North,7462.89,175,42.65,0,0.871
2022-06-01,Food & Beverage,South,7175.34,345,20.8,1,1.171
2022-06-01,Food & Beverage,East,8566.72,353,24.27,0,0.803
2022-06-01,Food & Beverage,West,9546.96,264,36.16,0,1.193
2022-06-01,Food & Beverage,Central,6971.27,237,29.41,0,1.161
2022-07-01,Electronics,North,8090.31,184,43.97,0,1.147
2022-07-01,Electronics,South,9196.86,248,37.08,0,1.021
2022-07-01,Electronics,East,10881.69,246,44.23,0,0.915
2022-07-01,Electronics,West,13716.0,365,37.58,0,0.85
2022-07-01,Electronics,Central,7530.43,196,38.42,0,1.194
2022-07-01,Clothing,North,6185.42,139,44.5,0,1.117
2022-07-01,Clothing,South,5962.65,188,31.72,0,1.17
2022-07-01,Clothing,East,7048.11,437,16.13,0,0.819
2022-07-01,Clothing,West,7052.68,200,35.26,0,1.109
2022-07-01,Clothing,Central,4878.24,131,37.24,0,0.82
2022-07-01,Home & Garden,North,5239.0,155,33.8,0,0.802
2022-07-01,Home & Garden,South,5019.59,142,35.35,1,0.961
2022-07-01,Home & Garden,East,5848.19,166,35.23,0,1.141
2022-07-01,Home & Garden,West,7614.49,187,40.72,0,1.036
2022-07-01,Home & Garden,Central,4552.01,195,23.34,0,0.875
2022-07-01,Sports,North,4430.51,175,25.32,0,1.123
2022-07-01,Sports,South,4382.61,183,23.95,0,0.855
2022-07-01,Sports,East,4885.26,108,45.23,0,1.038
2022-07-01,Sports,West,5383.46,126,42.73,0,0.854
2022-07-01,Sports,Central,4041.64,237,17.05,0,0.807
2022-07-01,Food & Beverage,North,6855.01,201,34.1,0,0.968
2022-07-01,Food & Beverage,South,5791.1,154,37.6,0,0.914
2022-07-01,Food & Beverage,East,7983.09,361,22.11,0,1.164
2022-07-01,Food & Beverage,West,8789.96,235,37.4,0,1.061
2022-07-01,Food & Beverage,Central,5894.15,265,22.24,0,0.862
2022-08-01,Electronics,North,10501.04,329,31.92,0,1.114
2022-08-01,Electronics,South,8563.11,292,29.33,0,1.07
2022-08-01,Electronics,East,9598.26,466,20.6,0,0.841
2022-08-01,Electronics,West,10888.66,249,43.73,0,0.973
2022-08-01,Electronics,Central,8159.82,186,43.87,1,0.816
2022-08-01,Clothing,North,4711.36,277,17.01,0,1.006
2022-08-01,Clothing,South,5456.91,330,16.54,1,0.954
2022-08-01,Clothing,East,6641.92,184,36.1,0,0.921
2022-08-01,Clothing,West,6922.21,251,27.58,1,0.845
2022-08-01,Clothing,Central,4434.82,294,15.08,0,0.996
2022-08-01,Home & Garden,North,4508.44,161,28.0,0,1.136
2022-08-01,Home & Garden,South,4525.57,183,24.73,0,0.992
2022-08-01,Home & Garden,East,5209.0,238,21.89,0,1.172
2022-08-01,Home & Garden,West,5823.07,202,28.83,0,0.86
2022-08-01,Home & Garden,Central,4468.42,233,19.18,0,0.804
2022-08-01,Sports,North,4151.87,260,15.97,1,1.048
2022-08-01,Sports,South,3792.25,118,32.14,0,1.14
2022-08-01,Sports,East,4361.28,107,40.76,0,0.865
2022-08-01,Sports,West,4793.81,117,40.97,0,1.168
2022-08-01,Sports,Central,3109.06,93,33.43,0,0.945
2022-08-01,Food & Beverage,North,6314.9,257,24.57,0,1.04
2022-08-01,Food & Beverage,South,6606.42,240,27.53,0,0.831
2022-08-01,Food & Beverage,East,7602.13,299,25.43,1,0.866
2022-08-01,Food & Beverage,West,7681.59,211,36.41,0,0.927
2022-08-01,Food & Beverage,Central,5840.0,177,32.99,1,0.857
2022-09-01,Electronics,North,7387.66,365,20.24,0,1.197
2022-09-01,Electronics,South,7174.2,462,15.53,0,1.034
2022-09-01,Electronics,East,8807.05,210,41.94,0,1.014
2022-09-01,Electronics,West,9242.3,398,23.22,1,1.038
2022-09-01,Electronics,Central,7043.34,201,35.04,0,0.807
2022-09-01,Clothing,North,5348.5,243,22.01,0,0.901
2022-09-01,Clothing,South,4233.81,133,31.83,0,1.071
2022-09-01,Clothing,East,5995.62,187,32.06,0,1.193
2022-09-01,Clothing,West,6110.39,200,30.55,1,1.118
2022-09-01,Clothing,Central,4325.23,158,27.37,1,1.156
2022-09-01,Home & Garden,North,4373.37,123,35.56,1,1.185
2022-09-01,Home & Garden,South,3913.57,186,21.04,0,1.165
2022-09-01,Home & Garden,East,4547.34,156,29.15,0,1.151
2022-09-01,Home & Garden,West,5637.17,184,30.64,0,1.092
2022-09-01,Home & Garden,Central,3931.01,122,32.22,1,1.162
2022-09-01,Sports,North,3315.54,85,39.01,1,0.882
2022-09-01,Sports,South,3555.14,226,15.73,0,0.951
2022-09-01,Sports,East,4322.62,103,41.97,0,0.928
2022-09-01,Sports,West,5348.52,164,32.61,0,1.041
2022-09-01,Sports,Central,2899.65,99,29.29,1,0.951
2022-09-01,Food & Beverage,North,6117.0,323,18.94,1,1.074
2022-09-01,Food & Beverage,South,4667.83,106,44.04,0,0.84
2022-09-01,Food & Beverage,East,6573.01,158,41.6,0,0.881
2022-09-01,Food & Beverage,West,6795.36,221,30.75,0,0.904
2022-09-01,Food & Beverage,Central,5199.55,176,29.54,0,1.061
2022-10-01,Electronics,North,6072.95,331,18.35,0,0.918
2022-10-01,Electronics,South,6254.39,151,41.42,0,1.194
2022-10-01,Electronics,East,7101.11,162,43.83,1,0.855
2022-10-01,Electronics,West,9512.53,301,31.6,1,1.138
2022-10-01,Electronics,Central,5603.04,179,31.3,1,0.901
2022-10-01,Clothing,North,4279.53,105,40.76,0,1.094
2022-10-01,Clothing,South,4069.49,155,26.25,0,1.104
2022-10-01,Clothing,East,4762.83,224,21.26,0,0.848
2022-10-01,Clothing,West,5382.45,298,18.06,0,1.139
2022-10-01,Clothing,Central,3523.06,128,27.52,0,0.898
2022-10-01,Home & Garden,North,4209.65,103,40.87,0,0.936
2022-10-01,Home & Garden,South,3675.08,163,22.55,0,0.865
2022-10-01,Home & Garden,East,4068.38,97,41.94,0,1.007
2022-10-01,Home & Garden,West,5570.34,180,30.95,0,0.974
2022-10-01,Home & Garden,Central,3364.61,179,18.8,0,0.993
2022-10-01,Sports,North,3415.66,171,19.97,0,0.883
2022-10-01,Sports,South,2739.3,172,15.93,1,1.167
2022-10-01,Sports,East,3577.77,107,33.44,0,0.96
2022-10-01,Sports,West,3732.81,181,20.62,0,1.127
2022-10-01,Sports,Central,1938.32,66,29.37,1,1.168
2022-10-01,Food & Beverage,North,4822.81,292,16.52,0,1.118
2022-10-01,Food & Beverage,South,5466.85,145,37.7,0,0.885
2022-10-01,Food & Beverage,East,5827.97,207,28.15,0,0.801
2022-10-01,Food & Beverage,West,5935.57,253,23.46,1,0.983
2022-10-01,Food & Beverage,Central,4473.31,228,19.62,0,0.957
2022-11-01,Electronics,North,6538.58,266,24.58,0,0.984
2022-11-01,Electronics,South,5478.33,166,33.0,0,1.18
2022-11-01,Electronics,East,6155.97,302,20.38,0,1.138
2022-11-01,Electronics,West,8181.54,287,28.51,0,1.1
2022-11-01,Electronics,Central,5553.13,179,31.02,0,0.921
2022-11-01,Clothing,North,4323.12,166,26.04,0,0.961
2022-11-01,Clothing,South,3612.77,98,36.87,0,1.163
2022-11-01,Clothing,East,4557.7,132,34.53,0,0.963
2022-11-01,Clothing,West,5114.13,272,18.8,1,1.067
2022-11-01,Clothing,Central,3242.48,92,35.24,1,0.931
2022-11-01,Home & Garden,North,3881.68,101,38.43,0,0.899
2022-11-01,Home & Garden,South,2946.35,156,18.89,0,0.855
2022-11-01,Home & Garden,East,4046.53,114,35.5,0,0.881
2022-11-01,Home & Garden,West,4597.23,127,36.2,0,1.044
2022-11-01,Home & Garden,Central,3004.43,88,34.14,0,1.19
2022-11-01,Sports,North,2781.15,78,35.66,1,0.96
2022-11-01,Sports,South,2467.76,74,33.35,0,1.174
2022-11-01,Sports,East,3159.48,128,24.68,0,0.996
2022-11-01,Sports,West,3452.24,137,25.2,0,1.165
2022-11-01,Sports,Central,2419.42,60,40.32,0,1.098
2022-11-01,Food & Beverage,North,4633.81,122,37.98,0,0.983
2022-11-01,Food & Beverage,South,4666.82,135,34.57,0,0.903
2022-11-01,Food & Beverage,East,5332.04,195,27.34,0,1.126
2022-11-01,Food & Beverage,West,6341.93,316,20.07,1,0.934
2022-11-01,Food & Beverage,Central,4123.09,102,40.42,1,1.11
2022-12-01,Electronics,North,5531.86,207,26.72,0,0.877
2022-12-01,Electronics,South,5485.73,198,27.71,0,1.173
2022-12-01,Electronics,East,7263.11,425,17.09,1,1.116
2022-12-01,Electronics,West,7532.51,181,41.62,0,0.845
2022-12-01,Electronics,Central,4548.93,224,20.31,0,1.021
2022-12-01,Clothing,North,3752.23,105,35.74,0,1.197
2022-12-01,Clothing,South,3664.71,205,17.88,0,1.191
2022-12-01,Clothing,East,4483.62,155,28.93,0,0.821
2022-12-01,Clothing,West,4858.01,189,25.7,0,1.133
2022-12-01,Clothing,Central,3010.2,109,27.62,0,1.1
2022-12-01,Home & Garden,North,3310.82,111,29.83,0,0.858
2022-12-01,Home & Garden,South,3054.29,170,17.97,1,1.014
2022-12-01,Home & Garden,East,3455.58,208,16.61,1,0.975
2022-12-01,Home & Garden,West,4149.11,258,16.08,0,1.129
2022-12-01,Home & Garden,Central,2848.98,146,19.51,0,1.129
2022-12-01,Sports,North,2576.66,65,39.64,1,0.958
2022-12-01,Sports,South,2575.58,113,22.79,0,1.002
2022-12-01,Sports,East,2888.27,99,29.17,0,0.888
2022-12-01,Sports,West,3156.49,84,37.58,1,0.834
2022-12-01,Sports,Central,2171.24,107,20.29,0,0.959
2022-12-01,Food & Beverage,North,4803.24,251,19.14,0,0.979
2022-12-01,Food & Beverage,South,4081.36,98,41.65,0,1.149
2022-12-01,Food & Beverage,East,4458.77,206,21.64,0,0.916
2022-12-01,Food & Beverage,West,5031.49,157,32.05,0,1.131
2022-12-01,Food & Beverage,Central,4307.42,272,15.84,1,1.041
2023-01-01,Electronics,North,5865.2,257,22.82,0,1.103
2023-01-01,Electronics,South,5410.0,169,32.01,0,0.908
2023-01-01,Electronics,East,7663.93,313,24.49,0,1.071
2023-01-01,Electronics,West,8836.59,587,15.05,0,1.158
2023-01-01,Electronics,Central,5901.14,292,20.21,0,0.988
2023-01-01,Clothing,North,4529.25,105,43.14,1,0.886
2023-01-01,Clothing,South,4330.34,207,20.92,0,0.886
2023-01-01,Clothing,East,4309.19,203,21.23,0,0.87
2023-01-01,Clothing,West,5250.67,128,41.02,0,0.944
2023-01-01,Clothing,Central,3374.83,131,25.76,0,1.044
2023-01-01,Home & Garden,North,3677.42,88,41.79,0,0.84
2023-01-01,Home & Garden,South,3096.43,167,18.54,0,0.849
2023-01-01,Home & Garden,East,4577.03,121,37.83,0,1.01
2023-01-01,Home & Garden,West,5020.46,307,16.35,0,0.93
2023-01-01,Home & Garden,Central,3105.97,96,32.35,0,0.868
2023-01-01,Sports,North,2728.84,91,29.99,0,1.188
2023-01-01,Sports,South,2681.59,99,27.09,0,0.851
2023-01-01,Sports,East,3387.87,162,20.91,1,1.146
2023-01-01,Sports,West,3442.53,133,25.88,0,0.973
2023-01-01,Sports,Central,2529.35,59,42.87,0,0.957
2023-01-01,Food & Beverage,North,4522.85,158,28.63,0,0.985
2023-01-01,Food & Beverage,South,4665.92,147,31.74,0,0.938
2023-01-01,Food & Beverage,East,5569.68,312,17.85,1,1.089
2023-01-01,Food & Beverage,West,6389.57,298,21.44,0,1.102
2023-01-01,Food & Beverage,Central,4280.59,107,40.01,0,1.039
2023-02-01,Electronics,North,7874.11,474,16.61,0,0.957
2023-02-01,Electronics,South,6981.68,215,32.47,1,0.815
2023-02-01,Electronics,East,9259.08,290,31.93,1,1.097
2023-02-01,Electronics,West,8014.14,268,29.9,0,0.802
2023-02-01,Electronics,Central,6538.66,262,24.96,0,0.949
2023-02-01,Clothing,North,4997.6,216,23.14,1,1.11
2023-02-01,Clothing,South,3618.69,116,31.2,0,1.185
2023-02-01,Clothing,East,4956.86,240,20.65,0,1.151
2023-02-01,Clothing,West,5044.48,128,39.41,0,1.026
2023-02-01,Clothing,Central,3318.83,99,33.52,0,0.948
2023-02-01,Home & Garden,North,4149.05,223,18.61,0,1.135
2023-02-01,Home & Garden,South,3935.47,163,24.14,0,0.81
2023-02-01,Home & Garden,East,4800.88,166,28.92,0,0.865
2023-02-01,Home & Garden,West,5106.97,194,26.32,0,0.816
2023-02-01,Home & Garden,Central,3859.42,125,30.88,0,0.856
2023-02-01,Sports,North,3479.3,137,25.4,1,1.179
2023-02-01,Sports,South,3033.03,77,39.39,0,0.832
2023-02-01,Sports,East,3805.8,92,41.37,0,0.972
2023-02-01,Sports,West,4258.18,264,16.13,0,1.197
2023-02-01,Sports,Central,3265.94,201,16.25,0,0.921
2023-02-01,Food & Beverage,North,5626.68,344,16.36,0,1.135
2023-02-01,Food & Beverage,South,5228.96,130,40.22,1,1.014
2023-02-01,Food & Beverage,East,6015.6,187,32.17,0,0.978
2023-02-01,Food & Beverage,West,7542.11,171,44.11,0,0.876
2023-02-01,Food & Beverage,Central,4946.67,112,44.17,1,1.147
2023-03-01,Electronics,North,9220.36,231,39.91,0,1.137
2023-03-01,Electronics,South,6902.22,366,18.86,0,1.018
2023-03-01,Electronics,East,9621.93,229,42.02,0,1.082
2023-03-01,Electronics,West,8632.51,300,28.78,0,0.945
2023-03-01,Electronics,Central,7392.42,417,17.73,1,1.112
2023-03-01,Clothing,North,5053.82,117,43.2,0,0.814
2023-03-01,Clothing,South,5017.24,236,21.26,0,0.887
2023-03-01,Clothing,East,5864.12,136,43.12,0,0.895
2023-03-01,Clothing,West,6596.92,336,19.63,1,0.878
2023-03-01,Clothing,Central,4813.2,113,42.59,0,1.05
2023-03-01,Home & Garden,North,5034.59,129,39.03,0,1.146
2023-03-01,Home & Garden,South,4760.07,187,25.45,1,0.89
2023-03-01,Home & Garden,East,5718.53,131,43.65,0,1.108
2023-03-01,Home & Garden,West,5985.95,292,20.5,0,1.061
2023-03-01,Home & Garden,Central,3867.44,137,28.23,0,1.089
2023-03-01,Sports,North,3977.26,92,43.23,1,0.843
2023-03-01,Sports,South,3012.53,98,30.74,0,0.975
2023-03-01,Sports,East,3297.74,111,29.71,0,0.969
2023-03-01,Sports,West,4844.27,147,32.95,0,1.055
2023-03-01,Sports,Central,3278.23,73,44.91,0,1.159
2023-03-01,Food & Beverage,North,6210.92,369,16.83,0,1.059
2023-03-01,Food & Beverage,South,5670.65,203,27.93,0,1.142
2023-03-01,Food & Beverage,East,7173.28,282,25.44,0,1.069
2023-03-01,Food & Beverage,West,7689.15,294,26.15,0,1.125
2023-03-01,Food & Beverage,Central,5523.52,148,37.32,0,0.886
2023-04-01,Electronics,North,8517.31,449,18.97,1,1.051
2023-04-01,Electronics,South,7363.81,175,42.08,0,0.844
2023-04-01,Electronics,East,9601.42,489,19.63,1,0.917
2023-04-01,Electronics,West,12629.1,304,41.54,0,1.083
2023-04-01,Electronics,Central,7793.84,302,25.81,0,0.859
2023-04-01,Clothing,North,6151.01,253,24.31,1,1.02
2023-04-01,Clothing,South,5057.33,295,17.14,0,1.113
2023-04-01,Clothing,East,6144.52,155,39.64,0,1.128
2023-04-01,Clothing,West,7261.73,281,25.84,1,0.987
2023-04-01,Clothing,Central,5344.02,240,22.27,0,0.926
2023-04-01,Home & Garden,North,5518.15,291,18.96,0,0.921
2023-04-01,Home & Garden,South,4232.72,191,22.16,0,1.172
2023-04-01,Home & Garden,East,6566.61,191,34.38,0,1.2
2023-04-01,Home & Garden,West,5518.91,132,41.81,0,1.117
2023-04-01,Home & Garden,Central,4998.35,286,17.48,1,0.991
2023-04-01,Sports,North,4436.25,162,27.38,0,1.021
2023-04-01,Sports,South,3515.18,192,18.31,0,1.117
2023-04-01,Sports,East,4125.24,91,45.33,0,1.156
2023-04-01,Sports,West,5628.15,208,27.06,0,1.043
2023-04-01,Sports,Central,3554.74,140,25.39,0,0.919
2023-04-01,Food & Beverage,North,7491.83,359,20.87,1,1.18
2023-04-01,Food & Beverage,South,6393.15,159,40.21,0,0.877
2023-04-01,Food & Beverage,East,8452.08,214,39.5,0,1.165
2023-04-01,Food & Beverage,West,9201.75,260,35.39,0,0.894
2023-04-01,Food & Beverage,Central,5921.15,134,44.19,0,0.972
2023-05-01,Electronics,North,9342.92,413,22.62,0,1.109
2023-05-01,Electronics,South,9450.99,235,40.22,0,0.802
2023-05-01,Electronics,East,12394.29,276,44.91,1,0.883
2023-05-01,Electronics,West,12997.53,330,39.39,1,0.958
2023-05-01,Electronics,Central,7920.33,302,26.23,1,0.878
2023-05-01,Clothing,North,6359.66,216,29.44,0,1.057
2023-05-01,Clothing,South,5610.28,126,44.53,0,0.961
2023-05-01,Clothing,East,7346.74,328,22.4,0,1.102
2023-05-01,Clothing,West,8862.49,305,29.06,0,0.874
2023-05-01,Clothing,Central,6114.6,258,23.7,0,1.163
2023-05-01,Home & Garden,North,5753.38,250,23.01,0,0.902
2023-05-01,Home & Garden,South,5350.27,123,43.5,0,0.89
2023-05-01,Home & Garden,East,5694.49,211,26.99,1,0.865
2023-05-01,Home & Garden,West,7414.36,192,38.62,0,1.167
2023-05-01,Home & Garden,Central,5423.62,134,40.47,0,0.82
2023-05-01,Sports,North,4945.34,204,24.24,0,1.104
2023-05-01,Sports,South,4133.62,107,38.63,0,1.091
2023-05-01,Sports,East,5403.04,130,41.56,0,1.098
2023-05-01,Sports,West,5950.4,158,37.66,0,0.847
2023-05-01,Sports,Central,3500.39,116,30.18,0,1.033
2023-05-01,Food & Beverage,North,7784.38,201,38.73,0,0.899
2023-05-01,Food & Beverage,South,7361.0,208,35.39,0,0.875
2023-05-01,Food & Beverage,East,8907.06,203,43.88,0,1.167
2023-05-01,Food & Beverage,West,11500.12,449,25.61,0,0.99
2023-05-01,Food & Beverage,Central,7259.32,407,17.84,0,1.15
2023-06-01,Electronics,North,11013.16,285,38.64,0,1.192
2023-06-01,Electronics,South,9811.94,408,24.05,0,0.935
2023-06-01,Electronics,East,12702.06,365,34.8,0,0.81
2023-06-01,Electronics,West,12081.87,332,36.39,0,0.998
2023-06-01,Electronics,Central,8769.06,344,25.49,0,0.812
2023-06-01,Clothing,North,6683.19,154,43.4,1,1.1
2023-06-01,Clothing,South,6008.98,146,41.16,0,1.154
2023-06-01,Clothing,East,6775.8,219,30.94,0,0.898
2023-06-01,Clothing,West,7411.16,468,15.84,0,1.084
2023-06-01,Clothing,Central,5794.3,155,37.38,0,0.99
2023-06-01,Home & Garden,North,5882.18,171,34.4,0,1.155
2023-06-01,Home & Garden,South,5245.15,205,25.59,0,0.856
2023-06-01,Home & Garden,East,6208.79,147,42.24,0,0.933
2023-06-01,Home & Garden,West,7916.03,370,21.39,1,0.848
2023-06-01,Home & Garden,Central,4924.21,110,44.77,1,0.853
2023-06-01,Sports,North,4413.92,136,32.46,0,1.052
2023-06-01,Sports,South,4225.45,123,34.35,0,1.085
2023-06-01,Sports,East,5009.58,197,25.43,0,0.868
2023-06-01,Sports,West,5567.33,243,22.91,1,0.899
2023-06-01,Sports,Central,4158.67,166,25.05,0,1.143
2023-06-01,Food & Beverage,North,7772.84,204,38.1,0,0.887
2023-06-01,Food & Beverage,South,6894.77,163,42.3,0,1.028
2023-06-01,Food & Beverage,East,9595.57,303,31.67,0,1.044
2023-06-01,Food & Beverage,West,9394.48,493,19.06,0,1.07
2023-06-01,Food & Beverage,Central,6581.33,382,17.23,0,0.964
2023-07-01,Electronics,North,9615.42,443,21.71,0,1.097
2023-07-01,Electronics,South,9160.66,242,37.85,0,1.0
2023-07-01,Electronics,East,12467.71,291,42.84,0,1.011
2023-07-01,Electronics,West,12106.91,326,37.14,1,1.006
2023-07-01,Electronics,Central,7410.36,173,42.83,0,0.987
2023-07-01,Clothing,North,7079.17,248,28.55,1,0.887
2023-07-01,Clothing,South,5225.91,347,15.06,0,1.108
2023-07-01,Clothing,East,6289.18,393,16.0,0,0.862
2023-07-01,Clothing,West,7887.53,393,20.07,0,0.93
2023-07-01,Clothing,Central,5464.77,199,27.46,0,0.892
2023-07-01,Home & Garden,North,6109.64,203,30.1,0,1.14
2023-07-01,Home & Garden,South,4593.63,211,21.77,0,0.9
2023-07-01,Home & Garden,East,6580.91,202,32.58,0,1.196
2023-07-01,Home & Garden,West,7640.65,223,34.26,0,1.173
2023-07-01,Home & Garden,Central,5455.16,176,31.0,0,0.921
2023-07-01,Sports,North,4875.39,109,44.73,0,1.162
2023-07-01,Sports,South,4355.04,188,23.17,0,1.019
2023-07-01,Sports,East,5263.12,174,30.25,0,0.963
2023-07-01,Sports,West,6342.79,253,25.07,0,0.851
2023-07-01,Sports,Central,4149.12,102,40.68,0,0.891
2023-07-01,Food & Beverage,North,7901.0,249,31.73,1,0.927
2023-07-01,Food & Beverage,South,6776.06,195,34.75,0,0.826
2023-07-01,Food & Beverage,East,8959.65,276,32.46,1,1.14
2023-07-01,Food & Beverage,West,10125.04,304,33.31,0,0.977
2023-07-01,Food & Beverage,Central,7363.04,188,39.17,0,0.804
2023-08-01,Electronics,North,9577.77,227,42.19,0,0.86
2023-08-01,Electronics,South,9281.94,266,34.89,0,1.04
2023-08-01,Electronics,East,9895.31,331,29.9,0,0.991
2023-08-01,Electronics,West,13362.24,614,21.76,1,0.941
2023-08-01,Electronics,Central,7997.81,514,15.56,0,1.058
2023-08-01,Clothing,North,5622.72,146,38.51,0,1.085
2023-08-01,Clothing,South,5859.61,200,29.3,0,0.898
2023-08-01,Clothing,East,6557.88,302,21.71,0,0.966
2023-08-01,Clothing,West,7354.56,185,39.75,0,0.881
2023-08-01,Clothing,Central,5381.69,346,15.55,0,1.181
2023-08-01,Home & Garden,North,5479.89,144,38.05,0,1.162
2023-08-01,Home & Garden,South,4651.93,147,31.65,1,1.14
2023-08-01,Home & Garden,East,6515.37,194,33.58,0,1.029
2023-08-01,Home & Garden,West,6682.58,179,37.33,1,1.092
2023-08-01,Home & Garden,Central,4022.28,137,29.36,0,0.925
2023-08-01,Sports,North,4078.92,110,37.08,0,0.87
2023-08-01,Sports,South,3366.67,116,29.02,0,1.094
2023-08-01,Sports,East,4235.67,103,41.12,0,1.141
2023-08-01,Sports,West,5063.62,150,33.76,0,0.903
2023-08-01,Sports,Central,3303.93,74,44.65,1,0.835
2023-08-01,Food & Beverage,North,6906.17,274,25.21,1,0.99
2023-08-01,Food & Beverage,South,6586.91,279,23.61,0,1.138
2023-08-01,Food & Beverage,East,8139.86,202,40.3,0,1.181
2023-08-01,Food & Beverage,West,8929.83,483,18.49,0,0.996
2023-08-01,Food & Beverage,Central,6079.0,310,19.61,0,0.819
2023-09-01,Electronics,North,8784.18,457,19.22,0,0.966
2023-09-01,Electronics,South,7647.63,326,23.46,1,1.046
2023-09-01,Electronics,East,8612.29,249,34.59,1,0.806
2023-09-01,Electronics,West,11990.76,417,28.75,0,1.124
2023-09-01,Electronics,Central,7359.96,238,30.92,0,0.809
2023-09-01,Clothing,North,5474.99,216,25.35,0,0.84
2023-09-01,Clothing,South,4992.92,115,43.42,1,1.041
2023-09-01,Clothing,East,5976.54,253,23.62,0,1.053
2023-09-01,Clothing,West,6499.19,146,44.51,1,0.978
2023-09-01,Clothing,Central,4729.45,243,19.46,0,1.195
2023-09-01,Home & Garden,North,4827.96,168,28.74,0,0.93
2023-09-01,Home & Garden,South,3986.82,89,44.8,0,0.852
2023-09-01,Home & Garden,East,5405.61,179,30.2,1,0.969
2023-09-01,Home & Garden,West,6277.68,208,30.18,0,0.904
2023-09-01,Home & Garden,Central,4110.82,100,41.11,0,0.912
2023-09-01,Sports,North,3091.54,115,26.88,0,1.191
2023-09-01,Sports,South,3284.49,136,24.15,1,0.957
2023-09-01,Sports,East,4372.46,123,35.55,1,1.07
2023-09-01,Sports,West,4822.44,187,25.79,0,1.087
2023-09-01,Sports,Central,3041.29,117,25.99,0,1.029
2023-09-01,Food & Beverage,North,6705.86,159,42.18,0,0.816
2023-09-01,Food & Beverage,South,5332.03,284,18.77,0,1.099
2023-09-01,Food & Beverage,East,7154.84,182,39.31,0,1.043
2023-09-01,Food & Beverage,West,7758.26,213,36.42,0,0.937
2023-09-01,Food & Beverage,Central,5613.2,183,30.67,0,0.871
2023-10-01,Electronics,North,8070.44,523,15.43,0,0.906
2023-10-01,Electronics,South,6641.04,363,18.29,0,0.91
2023-10-01,Electronics,East,8348.89,401,20.82,0,0.954
2023-10-01,Electronics,West,8023.8,323,24.84,1,0.81
2023-10-01,Electronics,Central,5907.05,156,37.87,0,1.171
2023-10-01,Clothing,North,4693.48,151,31.08,0,1.11
2023-10-01,Clothing,South,4310.58,106,40.67,0,0.974
2023-10-01,Clothing,East,5231.92,133,39.34,0,1.172
2023-10-01,Clothing,West,5158.7,115,44.86,0,0.837
2023-10-01,Clothing,Central,3815.57,238,16.03,0,1.12
2023-10-01,Home & Garden,North,4669.51,114,40.96,1,0.91
2023-10-01,Home & Garden,South,3931.86,241,16.31,0,0.906
2023-10-01,Home & Garden,East,4838.0,174,27.8,0,0.908
2023-10-01,Home & Garden,West,5395.66,194,27.81,0,1.001
2023-10-01,Home & Garden,Central,3409.9,150,22.73,0,0.861
2023-10-01,Sports,North,3818.37,119,32.09,0,1.13
2023-10-01,Sports,South,2997.17,67,44.73,0,1.187
2023-10-01,Sports,East,3434.81,178,19.3,0,0.868
2023-10-01,Sports,West,4226.72,129,32.77,0,1.172
2023-10-01,Sports,Central,3343.51,104,32.15,0,0.824
2023-10-01,Food & Beverage,North,5295.85,134,39.52,1,1.005
2023-10-01,Food & Beverage,South,5080.31,145,35.04,1,1.175
2023-10-01,Food & Beverage,East,6334.93,307,20.63,0,1.035
2023-10-01,Food & Beverage,West,7423.62,262,28.33,1,0.842
2023-10-01,Food & Beverage,Central,5258.47,178,29.54,0,0.835
2023-11-01,Electronics,North,8102.18,188,43.1,0,0.926
2023-11-01,Electronics,South,5729.6,200,28.65,0,0.876
2023-11-01,Electronics,East,7620.96,337,22.61,0,0.827
2023-11-01,Electronics,West,8818.91,254,34.72,0,1.062
2023-11-01,Electronics,Central,5003.81,115,43.51,0,1.151
2023-11-01,Clothing,North,4194.79,170,24.68,0,1.015
2023-11-01,Clothing,South,4001.32,237,16.88,0,0.902
2023-11-01,Clothing,East,4710.31,225,20.93,0,1.051
2023-11-01,Clothing,West,5208.93,205,25.41,0,1.109
2023-11-01,Clothing,Central,3619.09,110,32.9,0,1.009
2023-11-01,Home & Garden,North,3686.19,94,39.21,1,0.972
2023-11-01,Home & Garden,South,3616.61,81,44.65,0,0.837
2023-11-01,Home & Garden,East,3934.52,209,18.83,0,1.003
2023-11-01,Home & Garden,West,4543.4,110,41.3,0,1.045
2023-11-01,Home & Garden,Central,3256.1,80,40.7,0,0.815
2023-11-01,Sports,North,2992.89,139,21.53,0,1.059
2023-11-01,Sports,South,2755.95,133,20.72,0,1.082
2023-11-01,Sports,East,3047.17,171,17.82,0,1.106
2023-11-01,Sports,West,3468.13,145,23.92,0,1.083
2023-11-01,Sports,Central,2271.78,93,24.43,0,0.816
2023-11-01,Food & Beverage,North,4514.75,277,16.3,1,1.092
2023-11-01,Food & Beverage,South,4237.78,112,37.84,0,0.994
2023-11-01,Food & Beverage,East,5988.88,242,24.75,0,0.972
2023-11-01,Food & Beverage,West,6828.12,162,42.15,0,0.831
2023-11-01,Food & Beverage,Central,4357.23,213,20.46,0,0.915
2023-12-01,Electronics,North,6755.99,178,37.96,0,1.168
2023-12-01,Electronics,South,6001.98,352,17.05,0,0.832
2023-12-01,Electronics,East,7191.3,161,44.67,0,0.879
2023-12-01,Electronics,West,7790.11,260,29.96,0,0.951
2023-12-01,Electronics,Central,5934.02,309,19.2,0,1.076
2023-12-01,Clothing,North,4247.74,162,26.22,0,0.828
2023-12-01,Clothing,South,3758.97,220,17.09,0,0.915
2023-12-01,Clothing,East,4818.29,283,17.03,0,1.134
2023-12-01,Clothing,West,4882.69,310,15.75,1,1.141
2023-12-01,Clothing,Central,2776.76,88,31.55,0,1.118
2023-12-01,Home & Garden,North,4138.81,137,30.21,0,0.86
2023-12-01,Home & Garden,South,3470.27,209,16.6,0,1.155
2023-12-01,Home & Garden,East,4148.74,116,35.77,0,0.967
2023-12-01,Home & Garden,West,5268.88,171,30.81,0,0.931
2023-12-01,Home & Garden,Central,3345.55,148,22.61,0,0.86
2023-12-01,Sports,North,2394.55,72,33.26,1,1.078
2023-12-01,Sports,South,2390.38,108,22.13,1,0.803
2023-12-01,Sports,East,3011.2,79,38.12,0,0.818
2023-12-01,Sports,West,3804.09,221,17.21,0,1.102
2023-12-01,Sports,Central,2063.15,134,15.4,0,1.196
2023-12-01,Food & Beverage,North,4800.0,232,20.69,1,1.022
2023-12-01,Food & Beverage,South,4573.49,117,39.09,0,1.157
2023-12-01,Food & Beverage,East,4902.48,218,22.49,0,0.919
2023-12-01,Food & Beverage,West,6589.24,153,43.07,0,1.19
2023-12-01,Food & Beverage,Central,4029.14,129,31.23,0,0.843
2024-01-01,Electronics,North,7840.55,254,30.87,1,1.173
2024-01-01,Electronics,South,6039.57,288,20.97,0,0.839
2024-01-01,Electronics,East,7799.32,212,36.79,1,1.077
2024-01-01,Electronics,West,9115.65,241,37.82,0,1.087
2024-01-01,Electronics,Central,5517.06,223,24.74,0,1.183
2024-01-01,Clothing,North,4032.5,115,35.07,0,1.102
2024-01-01,Clothing,South,3528.47,178,19.82,0,1.016
2024-01-01,Clothing,East,4688.16,145,32.33,1,0.962
2024-01-01,Clothing,West,5424.18,166,32.68,0,1.088
2024-01-01,Clothing,Central,3938.65,101,39.0,0,1.015
2024-01-01,Home & Garden,North,3841.93,213,18.04,0,1.011
2024-01-01,Home & Garden,South,3069.63,86,35.69,1,1.037
2024-01-01,Home & Garden,East,3962.59,107,37.03,0,1.037
2024-01-01,Home & Garden,West,4845.7,192,25.24,0,1.146
2024-01-01,Home & Garden,Central,3023.45,98,30.85,0,0.82
2024-01-01,Sports,North,3203.46,154,20.8,0,1.178
2024-01-01,Sports,South,2859.51,129,22.17,1,0.935
2024-01-01,Sports,East,3249.66,122,26.64,0,1.121
2024-01-01,Sports,West,3702.6,136,27.22,1,1.169
2024-01-01,Sports,Central,2717.11,88,30.88,0,0.885
2024-01-01,Food & Beverage,North,5765.87,192,30.03,1,1.073
2024-01-01,Food & Beverage,South,5171.98,129,40.09,0,0.821
2024-01-01,Food & Beverage,East,6225.64,144,43.23,0,1.057
2024-01-01,Food & Beverage,West,7291.6,264,27.62,1,0.839
2024-01-01,Food & Beverage,Central,4226.52,105,40.25,1,0.891
2024-02-01,Electronics,North,7720.55,359,21.51,1,1.025
2024-02-01,Electronics,South,7646.63,226,33.83,0,0.86
2024-02-01,Electronics,East,9136.92,217,42.11,0,1.053
2024-02-01,Electronics,West,8706.53,254,34.28,0,0.807
2024-02-01,Electronics,Central,7779.64,238,32.69,0,0.951
2024-02-01,Clothing,North,5039.37,166,30.36,0,0.975
2024-02-01,Clothing,South,5008.0,222,22.56,0,0.95
2024-02-01,Clothing,East,5901.11,292,20.21,0,0.918
2024-02-01,Clothing,West,6828.07,227,30.08,0,1.18
2024-02-01,Clothing,Central,4148.25,115,36.07,1,0.905
2024-02-01,Home & Garden,North,4890.0,306,15.98,0,1.071
2024-02-01,Home & Garden,South,4548.62,149,30.53,0,0.958
2024-02-01,Home & Garden,East,4812.72,267,18.03,0,1.198
2024-02-01,Home & Garden,West,5758.83,181,31.82,0,1.131
2024-02-01,Home & Garden,Central,4033.27,120,33.61,0,1.144
2024-02-01,Sports,North,3499.33,87,40.22,1,0.878
2024-02-01,Sports,South,3181.58,112,28.41,0,0.866
2024-02-01,Sports,East,4221.85,155,27.24,0,1.157
2024-02-01,Sports,West,4386.24,234,18.74,0,1.165
2024-02-01,Sports,Central,2676.79,98,27.31,0,1.18
2024-02-01,Food & Beverage,North,6263.81,178,35.19,0,1.101
2024-02-01,Food & Beverage,South,5294.11,273,19.39,0,0.893
2024-02-01,Food & Beverage,East,6933.37,271,25.58,0,1.128
2024-02-01,Food & Beverage,West,6501.44,170,38.24,0,0.998
2024-02-01,Food & Beverage,Central,5480.72,134,40.9,0,1.161
2024-03-01,Electronics,North,9309.92,212,43.91,0,1.173
2024-03-01,Electronics,South,7801.54,281,27.76,0,0.937
2024-03-01,Electronics,East,10543.39,474,22.24,1,0.999
2024-03-01,Electronics,West,11748.53,346,33.96,0,0.971
2024-03-01,Electronics,Central,7355.84,345,21.32,0,0.879
2024-03-01,Clothing,North,6193.01,163,37.99,0,1.145
2024-03-01,Clothing,South,5583.34,134,41.67,0,1.119
2024-03-01,Clothing,East,6658.76,164,40.6,0,0.968
2024-03-01,Clothing,West,7611.85,203,37.5,0,1.171
2024-03-01,Clothing,Central,5029.01,157,32.03,1,0.89
2024-03-01,Home & Garden,North,5735.7,213,26.93,0,0.898
2024-03-01,Home & Garden,South,4402.85,112,39.31,0,0.828
2024-03-01,Home & Garden,East,5207.07,179,29.09,0,0.979
2024-03-01,Home & Garden,West,6345.85,217,29.24,0,1.0
2024-03-01,Home & Garden,Central,4725.97,119,39.71,0,0.937
2024-03-01,Sports,North,3865.87,95,40.69,1,1.033
2024-03-01,Sports,South,3614.32,97,37.26,0,1.069
2024-03-01,Sports,East,4452.73,146,30.5,0,0.953
2024-03-01,Sports,West,5076.89,113,44.93,0,0.866
2024-03-01,Sports,Central,3742.68,234,15.99,0,1.148
2024-03-01,Food & Beverage,North,6674.9,215,31.05,0,1.125
2024-03-01,Food & Beverage,South,5844.45,201,29.08,0,0.892
2024-03-01,Food & Beverage,East,7380.73,215,34.33,0,0.899
2024-03-01,Food & Beverage,West,7544.23,184,41.0,0,1.001
2024-03-01,Food & Beverage,Central,5673.36,369,15.37,0,1.005
2024-04-01,Electronics,North,10768.73,419,25.7,0,0.867
2024-04-01,Electronics,South,8456.24,219,38.61,1,0.957
2024-04-01,Electronics,East,11265.85,747,15.08,0,1.022
2024-04-01,Electronics,West,14361.77,620,23.16,0,0.873
2024-04-01,Electronics,Central,9101.03,251,36.26,0,0.837
2024-04-01,Clothing,North,6732.36,332,20.28,0,0.944
2024-04-01,Clothing,South,5588.81,263,21.25,1,0.999
2024-04-01,Clothing,East,7057.03,324,21.78,0,1.135
2024-04-01,Clothing,West,7567.02,182,41.58,0,1.148
2024-04-01,Clothing,Central,5916.76,167,35.43,0,1.061
2024-04-01,Home & Garden,North,5518.16,306,18.03,0,0.829
2024-04-01,Home & Garden,South,5724.08,201,28.48,0,1.136
2024-04-01,Home & Garden,East,5165.82,260,19.87,0,1.155
2024-04-01,Home & Garden,West,7703.67,204,37.76,0,1.059
2024-04-01,Home & Garden,Central,5015.23,220,22.8,1,0.847
2024-04-01,Sports,North,4220.27,123,34.31,0,0.887
2024-04-01,Sports,South,4162.44,116,35.88,0,1.174
2024-04-01,Sports,East,4964.62,123,40.36,1,1.096
2024-04-01,Sports,West,5189.05,128,40.54,0,1.051
2024-04-01,Sports,Central,3772.91,106,35.59,0,1.199
2024-04-01,Food & Beverage,North,8592.99,510,16.85,0,0.848
2024-04-01,Food & Beverage,South,6170.74,248,24.88,0,0.874
2024-04-01,Food & Beverage,East,8329.71,509,16.36,0,1.077
2024-04-01,Food & Beverage,West,10055.72,634,15.86,0,0.913
2024-04-01,Food & Beverage,Central,7158.19,255,28.07,0,0.915
2024-05-01,Electronics,North,11881.98,714,16.64,0,1.192
2024-05-01,Electronics,South,9780.81,337,29.02,0,1.125
2024-05-01,Electronics,East,10834.86,500,21.67,0,0.985
2024-05-01,Electronics,West,15067.4,424,35.54,0,1.06
2024-05-01,Electronics,Central,9308.6,355,26.22,1,1.115
2024-05-01,Clothing,North,7285.65,258,28.24,0,0.884
2024-05-01,Clothing,South,6572.9,299,21.98,1,1.107
2024-05-01,Clothing,East,7767.18,294,26.42,0,1.126
2024-05-01,Clothing,West,9733.14,257,37.87,0,1.064
2024-05-01,Clothing,Central,6459.33,172,37.55,0,0.966
2024-05-01,Home & Garden,North,6235.69,254,24.55,1,0.966
2024-05-01,Home & Garden,South,6103.13,223,27.37,0,1.172
2024-05-01,Home & Garden,East,7038.33,209,33.68,0,0.808
2024-05-01,Home & Garden,West,7173.12,333,21.54,0,0.961
2024-05-01,Home & Garden,Central,5195.95,345,15.06,1,0.837
2024-05-01,Sports,North,5208.64,209,24.92,0,0.889
2024-05-01,Sports,South,4538.12,104,43.64,1,0.851
2024-05-01,Sports,East,5388.7,121,44.53,0,1.044
2024-05-01,Sports,West,7251.55,410,17.69,0,0.882
2024-05-01,Sports,Central,3905.56,141,27.7,0,1.172
2024-05-01,Food & Beverage,North,8603.6,191,45.05,0,1.06
2024-05-01,Food & Beverage,South,8204.85,490,16.74,0,1.027
2024-05-01,Food & Beverage,East,8632.11,443,19.49,0,1.069
2024-05-01,Food & Beverage,West,11306.67,575,19.66,0,1.142
2024-05-01,Food & Beverage,Central,7319.47,201,36.42,0,0.803
2024-06-01,Electronics,North,11702.45,332,35.25,1,1.036
2024-06-01,Electronics,South,10902.5,333,32.74,0,1.079
2024-06-01,Electronics,East,11636.91,548,21.24,0,1.153
2024-06-01,Electronics,West,15080.83,517,29.17,0,0.834
2024-06-01,Electronics,Central,8552.04,557,15.35,0,0.889
2024-06-01,Clothing,North,6977.37,347,20.11,0,0.967
2024-06-01,Clothing,South,6933.24,178,38.95,0,1.15
2024-06-01,Clothing,East,8144.41,212,38.42,1,1.165
2024-06-01,Clothing,West,8851.61,352,25.15,1,0.805
2024-06-01,Clothing,Central,5876.42,133,44.18,1,1.037
2024-06-01,Home & Garden,North,6560.91,209,31.39,0,0.913
2024-06-01,Home & Garden,South,5294.32,258,20.52,0,1.06
2024-06-01,Home & Garden,East,7198.19,167,43.1,0,1.128
2024-06-01,Home & Garden,West,8466.77,233,36.34,0,1.15
2024-06-01,Home & Garden,Central,4678.53,200,23.39,1,1.043
2024-06-01,Sports,North,5725.45,257,22.28,1,1.02
2024-06-01,Sports,South,4639.21,139,33.38,0,1.129
2024-06-01,Sports,East,5933.63,188,31.56,0,0.989
2024-06-01,Sports,West,6205.36,291,21.32,0,0.839
2024-06-01,Sports,Central,4632.74,141,32.86,0,1.098
2024-06-01,Food & Beverage,North,9565.77,250,38.26,0,0.844
2024-06-01,Food & Beverage,South,8523.43,227,37.55,0,1.156
2024-06-01,Food & Beverage,East,9722.18,270,36.01,0,1.084
2024-06-01,Food & Beverage,West,11765.11,662,17.77,0,0.894
2024-06-01,Food & Beverage,Central,7225.15,193,37.44,0,1.028
2024-07-01,Electronics,North,11708.97,608,19.26,0,1.144
2024-07-01,Electronics,South,9257.66,351,26.38,0,0.826
2024-07-01,Electronics,East,12442.72,568,21.91,0,1.082
2024-07-01,Electronics,West,16118.1,1063,15.16,1,1.054
2024-07-01,Electronics,Central,9575.15,224,42.75,0,0.979
2024-07-01,Clothing,North,6668.39,194,34.37,0,0.899
2024-07-01,Clothing,South,6310.28,352,17.93,0,1.113
2024-07-01,Clothing,East,7043.42,235,29.97,0,0.861
2024-07-01,Clothing,West,9798.83,424,23.11,0,0.977
2024-07-01,Clothing,Central,6680.59,161,41.49,0,0.978
2024-07-01,Home & Garden,North,6009.46,293,20.51,0,0.979
2024-07-01,Home & Garden,South,5581.48,127,43.95,0,1.089
2024-07-01,Home & Garden,East,6228.35,147,42.37,0,1.044
2024-07-01,Home & Garden,West,8526.86,370,23.05,0,0.846
2024-07-01,Home & Garden,Central,5264.17,136,38.71,0,0.927
2024-07-01,Sports,North,4743.09,165,28.75,0,1.168
2024-07-01,Sports,South,3808.88,86,44.29,0,0.819
2024-07-01,Sports,East,5143.05,192,26.79,0,0.868
2024-07-01,Sports,West,6491.73,311,20.87,0,1.104
2024-07-01,Sports,Central,4168.82,118,35.33,0,1.059
2024-07-01,Food & Beverage,North,9113.85,211,43.19,0,0.902
2024-07-01,Food & Beverage,South,7174.87,206,34.83,0,1.053
2024-07-01,Food & Beverage,East,8733.46,248,35.22,0,0.909
2024-07-01,Food & Beverage,West,10943.14,438,24.98,0,0.982
2024-07-01,Food & Beverage,Central,7698.54,370,20.81,0,0.852
2024-08-01,Electronics,North,10110.28,233,43.39,0,1.16
2024-08-01,Electronics,South,8954.11,549,16.31,0,1.104
2024-08-01,Electronics,East,13471.04,806,16.71,0,0.951
2024-08-01,Electronics,West,13284.31,657,20.22,0,0.825
2024-08-01,Electronics,Central,9407.62,275,34.21,0,1.085
2024-08-01,Clothing,North,7103.99,346,20.53,1,1.039
2024-08-01,Clothing,South,5355.04,286,18.72,1,0.933
2024-08-01,Clothing,East,7292.79,436,16.73,0,0.925
2024-08-01,Clothing,West,7492.97,170,44.08,1,1.086
2024-08-01,Clothing,Central,6026.95,168,35.87,1,0.875
2024-08-01,Home & Garden,North,6623.21,199,33.28,0,1.069
2024-08-01,Home & Garden,South,6030.09,135,44.67,0,0.816
2024-08-01,Home & Garden,East,6812.99,262,26.0,1,1.003
2024-08-01,Home & Garden,West,7730.3,340,22.74,0,0.87
2024-08-01,Home & Garden,Central,5073.78,291,17.44,0,1.146
2024-08-01,Sports,North,4659.35,197,23.65,1,0.811
2024-08-01,Sports,South,3873.6,107,36.2,0,0.955
2024-08-01,Sports,East,5266.1,295,17.85,1,1.173
2024-08-01,Sports,West,5692.32,133,42.8,0,1.06
2024-08-01,Sports,Central,4064.03,147,27.65,1,0.825
2024-08-01,Food & Beverage,North,7541.42,422,17.87,0,1.081
2024-08-01,Food & Beverage,South,7312.11,223,32.79,1,1.099
2024-08-01,Food & Beverage,East,8135.28,528,15.41,0,0.932
2024-08-01,Food & Beverage,West,10042.59,255,39.38,0,1.078
2024-08-01,Food & Beverage,Central,6766.92,172,39.34,0,0.878
2024-09-01,Electronics,North,9192.94,311,29.56,0,0.845
2024-09-01,Electronics,South,8197.96,455,18.02,1,0.853
2024-09-01,Electronics,East,10598.63,450,23.55,0,0.929
2024-09-01,Electronics,West,11876.44,372,31.93,0,0.92
2024-09-01,Electronics,Central,7231.82,228,31.72,0,1.121
2024-09-01,Clothing,North,5815.96,199,29.23,0,1.021
2024-09-01,Clothing,South,5284.72,178,29.69,1,1.122
2024-09-01,Clothing,East,5710.98,235,24.3,0,0.817
2024-09-01,Clothing,West,6555.77,182,36.02,1,0.991
2024-09-01,Clothing,Central,4459.96,204,21.86,1,1.105
2024-09-01,Home & Garden,North,4788.61,249,19.23,0,1.038
2024-09-01,Home & Garden,South,4630.11,127,36.46,0,1.128
2024-09-01,Home & Garden,East,6209.66,200,31.05,0,0.842
2024-09-01,Home & Garden,West,6368.41,397,16.04,0,0.838
2024-09-01,Home & Garden,Central,4266.69,124,34.41,0,0.968
2024-09-01,Sports,North,3768.64,134,28.12,0,1.088
2024-09-01,Sports,South,3963.05,133,29.8,0,1.187
2024-09-01,Sports,East,4492.69,150,29.95,0,0.811
2024-09-01,Sports,West,4864.7,197,24.69,0,1.2
2024-09-01,Sports,Central,3137.44,191,16.43,1,0.81
2024-09-01,Food & Beverage,North,7695.61,448,17.18,0,1.175
2024-09-01,Food & Beverage,South,6503.32,194,33.52,0,0.826
2024-09-01,Food & Beverage,East,7038.84,389,18.09,1,0.924
2024-09-01,Food & Beverage,West,8857.27,316,28.03,0,1.121
2024-09-01,Food & Beverage,Central,5356.99,132,40.58,0,1.14
2024-10-01,Electronics,North,8094.57,373,21.7,0,0.91
2024-10-01,Electronics,South,7482.96,335,22.34,0,0.941
2024-10-01,Electronics,East,8721.03,210,41.53,0,1.008
2024-10-01,Electronics,West,11295.26,284,39.77,1,0.841
2024-10-01,Electronics,Central,6883.19,195,35.3,0,1.036
2024-10-01,Clothing,North,4959.1,185,26.81,1,0.846
2024-10-01,Clothing,South,4205.58,169,24.89,0,0.943
2024-10-01,Clothing,East,5426.3,184,29.49,0,1.067
2024-10-01,Clothing,West,6923.04,272,25.45,0,1.039
2024-10-01,Clothing,Central,4637.83,186,24.93,0,1.059
2024-10-01,Home & Garden,North,4656.17,164,28.39,0,0.815
2024-10-01,Home & Garden,South,4289.26,215,19.95,0,0.97
2024-10-01,Home & Garden,East,5077.55,119,42.67,0,1.182
2024-10-01,Home & Garden,West,6099.44,148,41.21,0,1.023
2024-10-01,Home & Garden,Central,4073.7,114,35.73,0,1.178
2024-10-01,Sports,North,3713.55,161,23.07,1,1.079
2024-10-01,Sports,South,3390.43,213,15.92,0,1.171
2024-10-01,Sports,East,4119.44,225,18.31,0,1.059
2024-10-01,Sports,West,4682.72,116,40.37,0,1.163
2024-10-01,Sports,Central,3033.18,77,39.39,0,0.901
2024-10-01,Food & Beverage,North,6075.22,337,18.03,0,0.854
2024-10-01,Food & Beverage,South,5373.05,323,16.63,0,0.893
2024-10-01,Food & Beverage,East,5935.56,153,38.79,1,1.14
2024-10-01,Food & Beverage,West,8029.28,317,25.33,0,0.961
2024-10-01,Food & Beverage,Central,5240.85,169,31.01,1,1.151
2024-11-01,Electronics,North,7484.75,188,39.81,0,1.023
2024-11-01,Electronics,South,5305.22,236,22.48,1,1.025
2024-11-01,Electronics,East,7427.09,301,24.67,1,1.038
2024-11-01,Electronics,West,9225.63,447,20.64,1,0.946
2024-11-01,Electronics,Central,6193.18,246,25.18,0,1.103
2024-11-01,Clothing,North,4463.1,112,39.85,0,1.024
2024-11-01,Clothing,South,4087.47,254,16.09,0,1.113
2024-11-01,Clothing,East,4661.02,110,42.37,1,1.117
2024-11-01,Clothing,West,6427.22,166,38.72,1,0.915
2024-11-01,Clothing,Central,3856.29,99,38.95,0,0.921
2024-11-01,Home & Garden,North,3782.45,85,44.5,0,0.979
2024-11-01,Home & Garden,South,3831.27,140,27.37,0,0.973
2024-11-01,Home & Garden,East,3913.63,92,42.54,0,1.026
2024-11-01,Home & Garden,West,4857.12,134,36.25,0,1.025
2024-11-01,Home & Garden,Central,3649.05,97,37.62,0,1.098
2024-11-01,Sports,North,3290.86,109,30.19,0,0.801
2024-11-01,Sports,South,2422.97,72,33.65,1,1.127
2024-11-01,Sports,East,3228.22,85,37.98,0,1.142
2024-11-01,Sports,West,4014.25,124,32.37,1,1.058
2024-11-01,Sports,Central,2905.28,90,32.28,0,1.124
2024-11-01,Food & Beverage,North,5598.49,239,23.42,0,1.083
2024-11-01,Food & Beverage,South,4356.39,98,44.45,0,1.102
2024-11-01,Food & Beverage,East,5461.28,270,20.23,0,1.106
2024-11-01,Food & Beverage,West,6680.84,162,41.24,1,0.952
2024-11-01,Food & Beverage,Central,4655.91,166,28.05,1,0.861
2024-12-01,Electronics,North,6754.72,228,29.63,1,0.807
2024-12-01,Electronics,South,5570.63,279,19.97,0,1.118
2024-12-01,Electronics,East,8439.41,257,32.84,1,0.921
2024-12-01,Electronics,West,8561.29,273,31.36,0,0.89
2024-12-01,Electronics,Central,5371.42,184,29.19,0,1.199
2024-12-01,Clothing,North,4764.87,117,40.73,0,1.021
2024-12-01,Clothing,South,3491.51,114,30.63,0,1.12
2024-12-01,Clothing,East,4346.52,101,43.03,0,1.006
2024-12-01,Clothing,West,5870.63,194,30.26,0,0.874
2024-12-01,Clothing,Central,3949.79,100,39.5,0,0.993
2024-12-01,Home & Garden,North,4115.85,170,24.21,0,0.856
2024-12-01,Home & Garden,South,3224.48,113,28.54,0,0.955
2024-12-01,Home & Garden,East,4740.84,208,22.79,0,0.829
2024-12-01,Home & Garden,West,4814.47,124,38.83,0,1.089
2024-12-01,Home & Garden,Central,3475.86,89,39.05,0,0.994
2024-12-01,Sports,North,3006.37,126,23.86,0,0.931
2024-12-01,Sports,South,2838.47,161,17.63,1,1.199
2024-12-01,Sports,East,3433.15,121,28.37,0,0.852
2024-12-01,Sports,West,3809.6,176,21.65,0,0.802
2024-12-01,Sports,Central,2531.67,113,22.4,1,0.89
2024-12-01,Food & Beverage,North,5360.58,215,24.93,0,1.156
2024-12-01,Food & Beverage,South,5211.41,145,35.94,0,0.864
2024-12-01,Food & Beverage,East,5931.41,135,43.94,0,0.911
2024-12-01,Food & Beverage,West,6919.22,172,40.23,0,1.024
2024-12-01,Food & Beverage,Central,4389.16,124,35.4,0,0.876
